{
  "lr0": 0.00023426581058204064,
  "lrf": 0.009323621351781481,
  "momentum": 0.9162699235041671,
  "weight_decay": 0.0008699593128513321,
  "optimizer": "AdamW"
}