{
  "lr0": 0.0002310201887845295,
  "lrf": 0.0015254729458052604,
  "momentum": 0.8456363364439307,
  "weight_decay": 0.0003347776308515934,
  "optimizer": "AdamW"
}