{
  "lr0": 0.00019010245319870352,
  "lrf": 0.001959497205867916,
  "momentum": 0.8549542764940538,
  "weight_decay": 0.0002858051065806936,
  "optimizer": "SGD"
}