{
  "lr0": 0.0012123634441485443,
  "lrf": 0.006686145527494946,
  "momentum": 0.9498431644709179,
  "weight_decay": 0.0009155458747461034,
  "optimizer": "Adam"
}