{
  "lr0": 0.00011715937392307068,
  "lrf": 0.008115595675970505,
  "momentum": 0.8388169972400026,
  "weight_decay": 0.0004597505784732166,
  "optimizer": "AdamW",
  "warmup_epochs": 5,
  "warmup_momentum": 0.75,
  "degrees": 45,
  "translate": 0.1,
  "scale": 0.06,
  "flipud": 0.5,
  "fliplr": 0.5,
  "mosaic": 0,
  "close_mosaic": 0
}