{
  "lr0": 0.0015304852121831463,
  "lrf": 0.001112885317490573,
  "momentum": 0.8911317277852158,
  "weight_decay": 0.00014808945119975197,
  "optimizer": "AdamW",
  "warmup_epochs": 5,
  "warmup_momentum": 0.75,
  "degrees": 45,
  "translate": 0.1,
  "scale": 0.06,
  "flipud": 0.5,
  "fliplr": 0.5,
  "mosaic": 0,
  "close_mosaic": 0
}