{
  "lr0": 0.0005611516415334506,
  "lrf": 0.00892718030435363,
  "momentum": 0.9097990912717108,
  "weight_decay": 0.00039687933304443713,
  "optimizer": "SGD"
}