{
  "lr0": 0.0013292918943162175,
  "lrf": 0.07969454818643935,
  "momentum": 0.8781576978883339,
  "weight_decay": 0.00039687933304443713,
  "warmup_epochs": 0,
  "warmup_momentum": 0.5701975341512912,
  "warmup_bias_lr": 0.021035886311957897,
  "hsv_h": 0.08661761457749352,
  "hsv_s": 0.541003510568888,
  "hsv_v": 0.637265320016441,
  "degrees": 0.9263022433111101,
  "translate": 0.48495492608099716,
  "scale": 0.7491983767203796,
  "shear": 2.1233911067827616,
  "perspective": 0.00018182496720710062,
  "flipud": 0.18340450985343382,
  "fliplr": 0.3042422429595377,
  "mosaic": 0.5247564316322378,
  "mixup": 0.43194501864211576,
  "copy_paste": 0.2912291401980419,
  "box": 0.13013352105002832,
  "cls": 0.730076670477759,
  "dfl": 1.2303616213380453,
  "optimizer": "AdamW",
  "close_mosaic": 4
}