{
  "lr0": 0.0009324140221663494,
  "lrf": 0.010903884523201117,
  "momentum": 0.8671472043801676,
  "weight_decay": 0.0002310093735409803,
  "warmup_epochs": 5,
  "warmup_momentum": 0.93310128272395,
  "warmup_bias_lr": 0.05783863620681919,
  "hsv_h": 0.04972485058923855,
  "hsv_s": 0.2707904788350927,
  "hsv_v": 0.2563564449397209,
  "degrees": 1.6599126309539758,
  "translate": 0.3047821669899484,
  "scale": 0.45241112090597535,
  "shear": 0.5147875124998935,
  "perspective": 0.00027864646423661146,
  "flipud": 0.9082658859666537,
  "fliplr": 0.23956189066697242,
  "mosaic": 0.1448948720912231,
  "mixup": 0.489452760277563,
  "copy_paste": 0.9856504541106007,
  "box": 0.06356994887207008,
  "cls": 2.7541150801423386,
  "dfl": 2.404049038321794,
  "optimizer": "Adam",
  "close_mosaic": 13
}