{
  "lr0": 0.0003643526297879783,
  "lrf": 0.0017897875437497262,
  "momentum": 0.8344921173587403,
  "weight_decay": 0.00022399875621610598,
  "optimizer": "Adam"
}